"year","commodity (code)","commodity","Value","Flag"
"2010","417","Peas, green","12.8970167947291",""
"2010","420","Leguminous vegetables, nes","4.30376381356278",""
"2010","426","Carrots and turnips","0.0",""
"2010","447","Sweet Corn Frozen","0.447554191109221",""
"2010","402","Onions (incl. shallots), green","512.015891786719",""
"2010","406","Garlic","0.0",""
"2010","407","Leeks and other alliaceous vegetables","0.0",""
"2010","414","Beans, green","1.1207694234567",""
"2010","469","Vegetables Dehydrated","1.90381973773892",""
"2010","471","Vegetables in Vinegar","0.0",""
"2010","472","Vegetables Preserved Nes","0.294433796843779",""
"2010","473","Vegetable Frozen","1.5222700555164",""
"2010","448","Sweet Corn Prep or Preserved","0.201145280523823",""
"2010","449","Mushrooms and truffles","0.0",""
"2010","463","Vegetables fresh nes","6.52964389115757",""
"2010","466","Juice of Vegetables Nes","643.013779483983",""
"2010","367","Asparagus","1.68385597194471",""
"2010","366","Artichokes","0.0",""
"2010","373","Spinach","5.89661716988716",""
"2010","372","Lettuce and chicory","1.38104752972428",""
"2010","341","Cake of Oilseeds, Nes","0.0",""
"2010","340","Oil of vegetable origin, nes","7073.9319262966",""
"2010","358","Cabbages and other brassicas","0.0",""
"2010","343","Flour of Oilseeds","342.066444911774",""
"2010","397","Cucumbers and gherkins","0.0",""
"2010","393","Cauliflowers and broccoli","0.0",""
"2010","401","Chillies and peppers, green (Capsicum spp.)","43.8604225770559",""
"2010","399","Eggplants (aubergines)","0.620066293450463",""
"2010","390","Juice of Tomatoes","0.0",""
"2010","388","Tomatoes","1.48197668660907",""
"2010","392","Tomato Peeled","0.0",""
"2010","391","Paste of Tomatoes","1057.54172467829",""
"2010","567","Watermelons","0.0",""
"2010","572","Avocados","0.0",""
"2010","564","Wine","332.170032797199",""
"2010","565","Vermouths&Similar","0.0",""
"2010","560","Grapes","0.0",""
"2010","563","Must of Grapes","0.0",""
"2010","544","Strawberries","1.12962641485253",""
"2010","558","Berries Nes","0.0",""
"2010","603","Fruit, tropical fresh nes","0.0",""
"2010","604","Fruit Tropical Dried Nes","65.3156908092112",""
"2010","587","Persimmons","0.0",""
"2010","600","Papayas","0.0",""
"2010","576","Juice of Pineapples","0.0",""
"2010","577","Dates","0.0",""
"2010","574","Pineapples","3531.3549192886",""
"2010","575","Pineapples Cand","18.0879757195869",""
"2010","492","Oranjuice Concentrated","104.213241213788",""
"2010","491","Orange juice, single strength","0.0",""
"2010","490","Oranges","290.934893773193",""
"2010","489","Plantains","0.0",""
"2010","486","Bananas","2714.90521900723",""
"2010","476","Homogen.Veget.Prep","0.0",""
"2010","475","Veg.Prep. Or Pres.Frozen","0.0",""
"2010","474","Veg.in Tem. Preservatives","2.20194453020779",""
"2010","534","Peaches and nectarines","0.0",""
"2010","527","Dry Apricots","0.0",""
"2010","521","Pears","7.86119153447784",""
"2010","517","Cider Etc","3005.69375921147",""
"2010","515","Apples","0.0",""
"2010","512","Citrus fruit, nes","29.2075194715165",""
"2010","510","Grapefruit juice, concentrated","0.0",""
"2010","507","Grapefruit (incl. pomelos)","0.0",""
"2010","665","Cocoapowder&Cake","21223.4928609294",""
"2010","666","Chocolate Prsnes","5747.26478582788",""
"2010","667","Tea","0.235769336075171",""
"2010","687","Pepper (Piper spp.)","14.8610249270364",""
"2010","711","Anise, badian, fennel, coriander, cumin, caraway seeds and juniper berries","59.4216042082943",""
"2010","720","Ginger","0.803064178817553",""
"2010","723","Spices, nes","122.43732239705",""
"2010","753","Oil Essential Nes","0.0",""
"2010","754","Pyrethrum,Dried","711.424104485002",""
"2010","826","Tobacco leaves","0.0",""
"2010","828","Cigarettes","0.0",""
"2010","829","Cigars Cheroots","2.28871788000769",""
"2010","831","Tobacco Products Nes","0.0",""
"2010","843","Pet Food","72.8399252014144",""
"2010","867","Cattle meat","0.0",""
"2010","874","Sausage Beef&Veal","0.0",""
"2010","620","Fruit Dried Nes","10.674247499432",""
"2010","619","Fruit Fresh Nes","0.0",""
"2010","623","Fruit Prp Nes","649.976290479492",""
"2010","622","Fruit Juice Nes","82.4315855086479",""
"2010","625","Fruit,Nut,Peel, Sugar Prs","0.0",""
"2010","624","Flour of Fruits","10.2250854882588",""
"2010","633","Beverage Non-Alc","2101.44903734686",""
"2010","631","Waters,Ice Etc","60.5426812147197",""
"2010","635","Straw Husks","11.804069648901",""
"2010","634","Bever. Dist.Alc","19204.0562364195",""
"2010","657","Coffee Roasted","5.86832652728343",""
"2010","656","Coffee, green","251.734667746314",""
"2010","662","Cocoa Paste","11765.3300353604",""
"2010","661","Cocoa beans","847567.86943336",""
"2010","664","Cocoa Butter","86477.0516028684",""
"2010","663","Cocoahusks","3322.73946906985",""
"2010","1059","Offals Liver Chicken","0.0",""
"2010","1060","Fat Liver Prep (Foie Gras)","0.0",""
"2010","1018","Offals of Goats, Edible","0.0",""
"2010","1035","Pig meat","0.0",""
"2010","1063","Eggs Liquid","1.30407489179254",""
"2010","1064","Eggs Dried","0.409812362738188",""
"2010","1061","Meat of Chicken Canned","0.0",""
"2010","1062","Hen eggs, with shell","0.0",""
"2010","1241","Liquid Margarine","0.0",""
"2010","1242","Margrine Short","11392.4238050576",""
"2010","1182","Honey, natural","1.94269403067674",""
"2010","1232","Food Prep Nes","3710.288557098",""
"2011","15","Wheat","0.0713786326527242",""
"2011","16","Flour of Wheat","0.714909359155744",""
"2010","1243","Fat Prep Nes","90.7745638205533",""
"2010","1293","Crude Materials","218.015472355398",""
"2010","891","Yoghurt","0.0",""
"2010","890","Whey Condensed","0.0",""
"2010","889","Milk Whole Cond","11.382974583627",""
"2010","875","Preparations of Beef Meat","1.66060549571539",""
"2010","895","Milk Skimmed Evp","3377.97830141966",""
"2010","894","Milk Whole Evp","0.0",""
"2010","893","Butterm.,Curdl,Acid.Milk","0.0",""
"2010","892","Yogh Conc.Or Not","0.0",""
"2010","899","Milkdry Buttrmilk","0.0",""
"2010","898","Milk Skimmed Dry","4.25053797892358",""
"2010","897","Milk Whole Dried","1.10457937446479",""
"2010","896","Milk Skimmed Cond","0.0",""
"2010","977","Sheep meat","0.0",""
"2010","909","Prod.of Nat.Milk Constit","0.0",""
"2010","901","Cheese of Whole Cow Milk","0.0",""
"2010","900","Whey Dry","0.0",""
"2009","1035","Pig meat","0.0",""
"2009","1018","Offals of Goats, Edible","0.0",""
"2009","1060","Fat Liver Prep (Foie Gras)","0.0",""
"2009","1059","Offals Liver Chicken","3.7416603520891",""
"2009","901","Cheese of Whole Cow Milk","9.26932525067405",""
"2009","900","Whey Dry","0.0",""
"2009","977","Sheep meat","0.0",""
"2009","909","Prod.of Nat.Milk Constit","35.754707737854",""
"2009","897","Milk Whole Dried","40.045183005269",""
"2009","896","Milk Skimmed Cond","0.0",""
"2009","899","Milkdry Buttrmilk","0.0",""
"2009","898","Milk Skimmed Dry","0.492043632262499",""
"2009","893","Butterm.,Curdl,Acid.Milk","4.99922815303012",""
"2009","892","Yogh Conc.Or Not","0.0",""
"2009","895","Milk Skimmed Evp","7736.08082189367",""
"2009","894","Milk Whole Evp","0.0",""
"2009","875","Preparations of Beef Meat","0.526512414753203",""
"2009","889","Milk Whole Cond","30.2107106983629",""
"2009","890","Whey Condensed","0.0",""
"2009","891","Yoghurt","0.00497647452728779",""
"2009","831","Tobacco Products Nes","0.0",""
"2009","843","Pet Food","24.7996898514459",""
"2009","867","Cattle meat","0.0",""
"2009","874","Sausage Beef&Veal","0.0",""
"2009","754","Pyrethrum,Dried","437.476046310818",""
"2009","826","Tobacco leaves","0.0",""
"2009","828","Cigarettes","52.677590004758",""
"2009","829","Cigars Cheroots","52.8394382081872",""
"2009","711","Anise, badian, fennel, coriander, cumin, caraway seeds and juniper berries","85.7488008176644",""
"2009","720","Ginger","50.3049817611504",""
"2009","723","Spices, nes","176.708062100199",""
"2009","753","Oil Essential Nes","0.0",""
"2010","79","Millet","5.30338049993883",""
"2010","60","Maize oil","0.0",""
"2010","59","Bran of Maize","0.0",""
"2010","58","Flour of Maize","11738.6279539325",""
"2010","57","Germ of Maize","1.18845864814955",""
"2010","56","Maize","11737.4394952843",""
"2010","51","Beer of Barley","295.071136717134",""
"2010","50","Malt Extract","0.0",""
"2010","49","Malt","0.0",""
"2010","48","Barley Flour and Grits","20.8452473188435",""
"2010","41","Breakfast Cereals","15.640985430587",""
"2010","38","Rice Flour","0.0",""
"2010","32","Rice Broken","0.132421458572419",""
"2010","29","Milled/Husked Rice","7.92668573525728",""
"2010","28","Rice Husked","0.0",""
"2010","27","Rice, paddy","0.0",""
"2010","20","Bread","0.0",""
"2010","22","Pastry","1.20754976377861",""
"2010","17","Bran of Wheat","0.0",""
"2010","18","Macaroni","2555.92712380797",""
"2010","15","Wheat","0.0",""
"2010","16","Flour of Wheat","3.3434478419676",""
"2009","1243","Fat Prep Nes","45.1137505066347",""
"2009","1293","Crude Materials","176.825763476483",""
"2009","1241","Liquid Margarine","0.0",""
"2009","1242","Margrine Short","9642.44679013869",""
"2009","1182","Honey, natural","0.117687278622659",""
"2009","1232","Food Prep Nes","2737.79616896047",""
"2009","1063","Eggs Liquid","6.66285089960703",""
"2009","1064","Eggs Dried","0.373672617054646",""
"2009","1061","Meat of Chicken Canned","3.7416603520891",""
"2009","1062","Hen eggs, with shell","0.0",""
"2010","176","Beans, dry","59.0666604528693",""
"2010","172","Glucose and Dextrose","80.6706240788531",""
"2010","211","Pulses, nes","0.0",""
"2010","187","Peas, dry","0.263745405188132",""
"2010","234","Nuts, nes","318.964747962554",""
"2010","212","Flour of Pulses","2.50753520019107",""
"2010","236","Soybeans","0.90460850163986",""
"2010","235","Prepared Nuts (Exc.Groundnuts)","0.0",""
"2010","151","Roots and Tubers Dried","4245.44257344417",""
"2010","150","Flour of Roots and Tubers","1645.29734301909",""
"2010","160","Maple Sugar and Syrups","0.120789229935745",""
"2010","156","Sugar cane","1.52944932162809",""
"2010","164","Sugar Refined","13.4815782268541",""
"2010","162","Sugar Raw Centrifugal","0.0",""
"2010","168","Sugar Confectionery","2326.26837779111",""
"2010","167","Sugar, nes","0.352399205410664",""
"2010","114","Mixes and Doughs","0.450630020796803",""
"2010","116","Potatoes","0.0",""
"2010","117","Potatoes Flour","3.76364812042339",""
"2010","118","Frozen Potatoes","0.0",""
"2010","122","Sweet potatoes","0.0",""
"2010","127","Tapioca of Cassava","0.0851585392139158",""
"2010","128","Cassava Dried","0.0",""
"2010","129","Cassava Starch","0.0",""
"2010","83","Sorghum","0.0",""
"2010","101","Canary seed","0.0",""
"2010","105","Bran of Mixed Grains","0.0",""
"2010","108","Cereals, nes","110.529939823256",""
"2010","109","Infant Food","7316.49148496164",""
"2010","110","Wafers","0.0",""
"2010","111","Flour of Cereals","44.7809974309832",""
"2010","113","Cereal Preparations, Nes","127.989320812532",""
"2010","331","Cottonseed oil","0.0",""
"2010","329","Cottonseed","131.624993446386",""
"2010","292","Mustard seed","0.0",""
"2010","291","Cake of Sesame Seed","0.0",""
"2010","339","Oilseeds, Nes","9850.51356336034",""
"2010","334","Linseed oil","0.0",""
"2010","333","Linseed","0.0",""
"2010","332","Cake of Cottonseed","0.0",""
"2010","269","Sunflower Cake","79.5527417409895",""
"2010","268","Sunflower oil","2.34589335958663",""
"2010","267","Sunflower seed","0.0",""
"2010","266","Oil of Castor Beans","0.0",""
"2010","290","Sesame oil","0.0",""
"2010","289","Sesame seed","3287.75838658752",""
"2010","280","Safflower seed","0.0",""
"2010","274","Oil of Olive Residues","0.0",""
"2010","253","Cake of Copra","0.0",""
"2010","256","Palm kernels","0.0",""
"2010","251","Copra","0.0",""
"2010","252","Coconut (copra) oil","10.3602751935501",""
"2010","261","Olive oil, virgin","0.181543856787506",""
"2010","262","Olives Preserved","0.0",""
"2010","257","Palm oil","9530.9338172328",""
"2010","258","Palm kernel oil","617.496801253634",""
"2010","239","Soya Sauce","0.0",""
"2010","242","Groundnuts, with shell","160.207539277996",""
"2010","237","Soybean oil","0.0",""
"2010","238","Cake of Soybeans","610.355074245169",""
"2010","245","Cake of Groundnuts","0.0",""
"2010","246","Prepared Groundnuts","4462.6413431123",""
"2010","243","Groundnuts Shelled","0.0",""
"2010","244","Groundnut oil","96.121691007276",""
"2009","211","Pulses, nes","0.0",""
"2009","187","Peas, dry","4.14137839885809",""
"2009","176","Beans, dry","0.351708460359138",""
"2009","172","Glucose and Dextrose","126.088187921829",""
"2009","168","Sugar Confectionery","4453.03303434543",""
"2009","167","Sugar, nes","0.0",""
"2009","164","Sugar Refined","0.00788059280666819",""
"2009","162","Sugar Raw Centrifugal","0.246709077131831",""
"2009","242","Groundnuts, with shell","49.4981091511446",""
"2009","239","Soya Sauce","1.15366803531464",""
"2009","238","Cake of Soybeans","1276.57455724532",""
"2009","237","Soybean oil","0.248062452640668",""
"2009","236","Soybeans","4.5580559324722",""
"2009","235","Prepared Nuts (Exc.Groundnuts)","67.725892117645",""
"2009","234","Nuts, nes","585.421995876434",""
"2009","212","Flour of Pulses","1.9945724003031",""
"2009","253","Cake of Copra","0.0",""
"2009","256","Palm kernels","333.775114102948",""
"2009","251","Copra","9.97708425114984",""
"2009","252","Coconut (copra) oil","0.0",""
"2009","245","Cake of Groundnuts","0.0",""
"2009","246","Prepared Groundnuts","3323.99193613759",""
"2009","243","Groundnuts Shelled","45.9797487091829",""
"2009","244","Groundnut oil","0.926794367984211",""
"2009","268","Sunflower oil","0.0",""
"2009","269","Sunflower Cake","658.541145787443",""
"2009","266","Oil of Castor Beans","0.0",""
"2009","267","Sunflower seed","0.0",""
"2009","261","Olive oil, virgin","8.34838141223325",""
"2009","262","Olives Preserved","99.0506000317198",""
"2009","257","Palm oil","6003.14364459795",""
"2009","258","Palm kernel oil","1021.09404197579",""
"2009","292","Mustard seed","0.0",""
"2009","291","Cake of Sesame Seed","0.0",""
"2009","331","Cottonseed oil","0.0",""
"2009","329","Cottonseed","957.032068655612",""
"2009","280","Safflower seed","0.0",""
"2009","274","Oil of Olive Residues","0.0",""
"2009","290","Sesame oil","0.0",""
"2009","289","Sesame seed","1313.64654342961",""
"2009","341","Cake of Oilseeds, Nes","0.0",""
"2009","340","Oil of vegetable origin, nes","2653.83066593829",""
"2009","358","Cabbages and other brassicas","0.552846846529332",""
"2009","343","Flour of Oilseeds","202.505760656951",""
"2009","333","Linseed","0.0",""
"2009","332","Cake of Cottonseed","0.0",""
"2009","339","Oilseeds, Nes","20407.084328687",""
"2009","334","Linseed oil","0.0",""
"2009","388","Tomatoes","9.54996035032689",""
"2009","390","Juice of Tomatoes","0.0",""
"2009","391","Paste of Tomatoes","347.598886284738",""
"2009","392","Tomato Peeled","0.0",""
"2009","366","Artichokes","0.0",""
"2009","367","Asparagus","0.600567430877403",""
"2009","372","Lettuce and chicory","0.0",""
"2009","373","Spinach","15.8237369376355",""
"2009","402","Onions (incl. shallots), green","254.939559800518",""
"2009","406","Garlic","0.0",""
"2009","407","Leeks and other alliaceous vegetables","0.463312598022803",""
"2009","414","Beans, green","2.65922780058858",""
"2009","393","Cauliflowers and broccoli","0.0",""
"2009","397","Cucumbers and gherkins","0.0",""
"2009","399","Eggplants (aubergines)","5.56219007172185",""
"2009","401","Chillies and peppers, green (Capsicum spp.)","0.0",""
"2009","447","Sweet Corn Frozen","0.0",""
"2009","426","Carrots and turnips","0.0",""
"2009","420","Leguminous vegetables, nes","0.472525419845983",""
"2009","417","Peas, green","0.0",""
"2009","466","Juice of Vegetables Nes","461.190110490423",""
"2009","463","Vegetables fresh nes","151.238246955786",""
"2009","449","Mushrooms and truffles","0.0",""
"2009","448","Sweet Corn Prep or Preserved","0.0",""
"2009","473","Vegetable Frozen","0.236248612261441",""
"2009","472","Vegetables Preserved Nes","0.872384443230479",""
"2009","471","Vegetables in Vinegar","0.0",""
"2009","469","Vegetables Dehydrated","0.319579889685798",""
"2009","486","Bananas","3833.39038187041",""
"2009","476","Homogen.Veget.Prep","0.0",""
"2009","475","Veg.Prep. Or Pres.Frozen","2.08321144730118",""
"2009","474","Veg.in Tem. Preservatives","2.31493471020495",""
"2009","491","Orange juice, single strength","0.0",""
"2009","492","Oranjuice Concentrated","0.402615116217597",""
"2009","489","Plantains","0.0",""
"2009","490","Oranges","349.927389994185",""
"2009","512","Citrus fruit, nes","379.643145893175",""
"2009","515","Apples","0.0",""
"2009","507","Grapefruit (incl. pomelos)","1.05732461627928",""
"2009","510","Grapefruit juice, concentrated","0.0",""
"2009","527","Dry Apricots","0.0",""
"2009","534","Peaches and nectarines","0.0",""
"2009","517","Cider Etc","1604.44738224047",""
"2009","521","Pears","0.0",""
"2009","560","Grapes","0.0",""
"2009","563","Must of Grapes","0.0",""
"2009","544","Strawberries","0.0",""
"2009","558","Berries Nes","0.0",""
"2009","565","Vermouths&Similar","3.09997004246921",""
"2009","564","Wine","230.389017921652",""
"2009","572","Avocados","0.0",""
"2009","567","Watermelons","0.0",""
"2009","575","Pineapples Cand","188.056792429556",""
"2009","574","Pineapples","6629.90390329004",""
"2009","577","Dates","0.0",""
"2009","576","Juice of Pineapples","0.0",""
"2009","600","Papayas","24.3239219694433",""
"2009","587","Persimmons","0.0",""
"2009","604","Fruit Tropical Dried Nes","178.421964156696",""
"2009","603","Fruit, tropical fresh nes","0.0",""
"2009","620","Fruit Dried Nes","9.56727932754155",""
"2009","619","Fruit Fresh Nes","0.0",""
"2009","623","Fruit Prp Nes","733.733659929159",""
"2009","622","Fruit Juice Nes","57.053821347384",""
"2009","624","Flour of Fruits","36.6900100445839",""
"2009","625","Fruit,Nut,Peel, Sugar Prs","0.0",""
"2009","631","Waters,Ice Etc","45.2748938269865",""
"2009","633","Beverage Non-Alc","446.578694908982",""
"2009","634","Bever. Dist.Alc","1126.82859005762",""
"2009","635","Straw Husks","18.7780851851199",""
"2009","656","Coffee, green","324.017706662907",""
"2009","657","Coffee Roasted","0.0",""
"2009","661","Cocoa beans","1080749.48136113",""
"2009","662","Cocoa Paste","261.267689921934",""
"2009","663","Cocoahusks","4008.21638500714",""
"2009","664","Cocoa Butter","49492.9586339366",""
"2009","665","Cocoapowder&Cake","11272.6401536645",""
"2009","666","Chocolate Prsnes","3894.52780235079",""
"2009","667","Tea","0.0",""
"2009","687","Pepper (Piper spp.)","35.4090119301461",""
"2008","567","Watermelons","0.0",""
"2008","572","Avocados","0.188866699950075",""
"2008","564","Wine","220.71666874688",""
"2008","565","Vermouths&Similar","0.0",""
"2008","560","Grapes","0.0",""
"2008","563","Must of Grapes","0.0",""
"2008","544","Strawberries","4.3466113330005",""
"2008","558","Berries Nes","0.430604093859211",""
"2008","527","Dry Apricots","0.0",""
"2008","534","Peaches and nectarines","0.0",""
"2008","517","Cider Etc","184.026485272092",""
"2008","521","Pears","0.0",""
"2008","512","Citrus fruit, nes","458.5946611333",""
"2008","515","Apples","0.0",""
"2008","507","Grapefruit (incl. pomelos)","0.0",""
"2008","510","Grapefruit juice, concentrated","0.0",""
"2008","633","Beverage Non-Alc","310.736972666001",""
"2008","631","Waters,Ice Etc","9.28654830254618",""
"2008","625","Fruit,Nut,Peel, Sugar Prs","0.0",""
"2008","624","Flour of Fruits","1.43182413879181",""
"2008","623","Fruit Prp Nes","550.856821018472",""
"2008","622","Fruit Juice Nes","0.799875187219171",""
"2008","620","Fruit Dried Nes","11.3806883424863",""
"2008","619","Fruit Fresh Nes","0.0",""
"2008","604","Fruit Tropical Dried Nes","434.218575262107",""
"2008","603","Fruit, tropical fresh nes","0.0",""
"2008","600","Papayas","283.904973789316",""
"2008","587","Persimmons","0.0",""
"2008","577","Dates","0.0",""
"2008","576","Juice of Pineapples","0.0",""
"2008","575","Pineapples Cand","92.8270282076885",""
"2008","574","Pineapples","6390.02527458812",""
"2008","711","Anise, badian, fennel, coriander, cumin, caraway seeds and juniper berries","653.880657139291",""
"2008","720","Ginger","31.3791781078382",""
"2008","723","Spices, nes","177.820497378932",""
"2008","753","Oil Essential Nes","0.0",""
"2008","665","Cocoapowder&Cake","6281.89490451822",""
"2008","666","Chocolate Prsnes","2373.61530516725",""
"2008","667","Tea","75.0694957563655",""
"2008","687","Pepper (Piper spp.)","1673.98689465801",""
"2008","661","Cocoa beans","962769.171839116",""
"2008","662","Cocoa Paste","8434.35980092361",""
"2008","663","Cocoahusks","5862.5343515976",""
"2008","664","Cocoa Butter","36519.0181789815",""
"2008","634","Bever. Dist.Alc","86.0048926610085",""
"2008","635","Straw Husks","18.8544963804294",""
"2008","656","Coffee, green","307.896736145781",""
"2008","657","Coffee Roasted","14.5924519470794",""
"2008","893","Butterm.,Curdl,Acid.Milk","14.3328351223165",""
"2008","892","Yogh Conc.Or Not","0.0",""
"2008","895","Milk Skimmed Evp","7367.34166250624",""
"2008","894","Milk Whole Evp","0.0",""
"2008","889","Milk Whole Cond","13.845260234648",""
"2008","875","Preparations of Beef Meat","0.256228157763355",""
"2008","891","Yoghurt","0.0",""
"2008","890","Whey Condensed","0.0",""
"2008","843","Pet Food","28.7431602596106",""
"2008","831","Tobacco Products Nes","0.0",""
"2008","874","Sausage Beef&Veal","0.0",""
"2008","867","Cattle meat","0.0",""
"2008","826","Tobacco leaves","3072.49716050924",""
"2008","754","Pyrethrum,Dried","856.328900399401",""
"2008","829","Cigars Cheroots","0.0",""
"2008","828","Cigarettes","0.0",""
"2008","1059","Offals Liver Chicken","0.0",""
"2008","1060","Fat Liver Prep (Foie Gras)","0.0",""
"2008","1018","Offals of Goats, Edible","0.0",""
"2008","1035","Pig meat","0.0",""
"2008","1063","Eggs Liquid","0.940963554667998",""
"2008","1064","Eggs Dried","0.0",""
"2008","1061","Meat of Chicken Canned","0.0",""
"2008","1062","Hen eggs, with shell","0.0",""
"2008","898","Milk Skimmed Dry","12.1631521467798",""
"2008","899","Milkdry Buttrmilk","0.0",""
"2008","896","Milk Skimmed Cond","0.0",""
"2008","897","Milk Whole Dried","346.369470793809",""
"2008","909","Prod.of Nat.Milk Constit","3.21141724912631",""
"2008","977","Sheep meat","0.0",""
"2008","900","Whey Dry","0.0",""
"2008","901","Cheese of Whole Cow Milk","12.0679418372441",""
"2009","22","Pastry","5.1917035261776",""
"2009","20","Bread","0.635973707861209",""
"2009","18","Macaroni","157.512291398664",""
"2009","17","Bran of Wheat","0.0",""
"2009","32","Rice Broken","0.867168308456835",""
"2009","29","Milled/Husked Rice","103.489481382276",""
"2009","28","Rice Husked","0.0",""
"2009","27","Rice, paddy","0.0",""
"2008","1242","Margrine Short","2114.5778769346",""
"2008","1241","Liquid Margarine","0.0",""
"2008","1232","Food Prep Nes","5959.39799363455",""
"2008","1182","Honey, natural","0.899157513729406",""
"2009","16","Flour of Wheat","28.7881015736515",""
"2009","15","Wheat","0.0",""
"2008","1293","Crude Materials","3190.01016912132",""
"2008","1243","Fat Prep Nes","155.555242136795",""
"2009","58","Flour of Maize","45.1605829383051",""
"2009","59","Bran of Maize","0.0",""
"2009","60","Maize oil","0.0",""
"2009","79","Millet","1.15980756691984",""
"2009","83","Sorghum","0.0",""
"2009","101","Canary seed","0.0",""
"2009","105","Bran of Mixed Grains","0.0",""
"2009","108","Cereals, nes","23.565037799355",""
"2009","38","Rice Flour","0.0",""
"2009","41","Breakfast Cereals","23.4402241528187",""
"2009","48","Barley Flour and Grits","0.0",""
"2009","49","Malt","0.0",""
"2009","50","Malt Extract","0.0",""
"2009","51","Beer of Barley","381.993733589441",""
"2009","56","Maize","45.1605829383051",""
"2009","57","Germ of Maize","0.0",""
"2009","127","Tapioca of Cassava","0.0",""
"2009","122","Sweet potatoes","31.6002255625848",""
"2009","129","Cassava Starch","0.0",""
"2009","128","Cassava Dried","0.0",""
"2009","151","Roots and Tubers Dried","7279.03829277319",""
"2009","150","Flour of Roots and Tubers","2484.37871253106",""
"2009","160","Maple Sugar and Syrups","0.0",""
"2009","156","Sugar cane","5.04094313355772",""
"2009","110","Wafers","0.0",""
"2009","109","Infant Food","7911.58871482193",""
"2009","113","Cereal Preparations, Nes","262.801289936032",""
"2009","111","Flour of Cereals","102.141364301197",""
"2009","116","Potatoes","0.0",""
"2009","114","Mixes and Doughs","0.0",""
"2009","118","Frozen Potatoes","0.0",""
"2009","117","Potatoes Flour","0.0",""
"2012","1242","Margrine Short","12134.5363746981",""
"2012","1241","Liquid Margarine","0.0",""
"2012","1232","Food Prep Nes","945.361409266053",""
"2012","1182","Honey, natural","41.8524308180159",""
"2012","1293","Crude Materials","600.596980144171",""
"2012","1243","Fat Prep Nes","72.7659869840158",""
"2012","896","Milk Skimmed Cond","0.0",""
"2012","897","Milk Whole Dried","843.283014693682",""
"2012","898","Milk Skimmed Dry","119.524201249977",""
"2012","899","Milkdry Buttrmilk","0.0",""
"2012","900","Whey Dry","0.0",""
"2012","901","Cheese of Whole Cow Milk","5.15814605187957",""
"2012","909","Prod.of Nat.Milk Constit","52.6888792610756",""
"2012","977","Sheep meat","89.9730314706587",""
"2012","1018","Offals of Goats, Edible","0.0",""
"2012","1035","Pig meat","0.0",""
"2012","1059","Offals Liver Chicken","0.0",""
"2012","1060","Fat Liver Prep (Foie Gras)","0.0",""
"2012","1061","Meat of Chicken Canned","0.0",""
"2012","1062","Hen eggs, with shell","0.0",""
"2012","1063","Eggs Liquid","0.0",""
"2012","1064","Eggs Dried","2.33277225714865",""
"2012","826","Tobacco leaves","0.0",""
"2012","754","Pyrethrum,Dried","27.8899338139046",""
"2012","829","Cigars Cheroots","0.0",""
"2012","828","Cigarettes","0.0",""
"2012","843","Pet Food","201.990435279586",""
"2012","831","Tobacco Products Nes","0.0",""
"2012","874","Sausage Beef&Veal","62.3120480817094",""
"2012","867","Cattle meat","0.0",""
"2012","889","Milk Whole Cond","1.0619107317343",""
"2012","875","Preparations of Beef Meat","51.1067126343541",""
"2012","891","Yoghurt","0.0",""
"2012","890","Whey Condensed","0.0",""
"2012","893","Butterm.,Curdl,Acid.Milk","0.0",""
"2012","892","Yogh Conc.Or Not","0.0",""
"2012","895","Milk Skimmed Evp","3075.33329031544",""
"2012","894","Milk Whole Evp","0.0",""
"2012","414","Beans, green","113.257419664092",""
"2012","407","Leeks and other alliaceous vegetables","3.84510610055124",""
"2012","406","Garlic","2.53733706974429",""
"2012","402","Onions (incl. shallots), green","56.9756807580981",""
"2012","447","Sweet Corn Frozen","0.0",""
"2012","426","Carrots and turnips","1.2973156837079",""
"2012","420","Leguminous vegetables, nes","3.39794620305673",""
"2012","417","Peas, green","0.0",""
"2012","392","Tomato Peeled","0.405280138640512",""
"2012","391","Paste of Tomatoes","0.48415036595933",""
"2012","390","Juice of Tomatoes","0.0",""
"2012","388","Tomatoes","35.9742150771557",""
"2012","401","Chillies and peppers, green (Capsicum spp.)","1.33213805055217",""
"2012","399","Eggplants (aubergines)","0.893064287162847",""
"2012","397","Cucumbers and gherkins","1.16013347836507",""
"2012","393","Cauliflowers and broccoli","0.0",""
"2012","343","Flour of Oilseeds","761.362251802142",""
"2012","358","Cabbages and other brassicas","0.0",""
"2012","340","Oil of vegetable origin, nes","6384.57984550432",""
"2012","341","Cake of Oilseeds, Nes","0.0",""
"2012","372","Lettuce and chicory","4.05640198373924",""
"2012","373","Spinach","7.59112663852068",""
"2012","366","Artichokes","0.0",""
"2012","367","Asparagus","0.721286480706477",""
"2012","329","Cottonseed","454.336795044339",""
"2012","331","Cottonseed oil","0.0",""
"2012","291","Cake of Sesame Seed","0.0",""
"2012","292","Mustard seed","0.907936800575211",""
"2012","334","Linseed oil","0.0",""
"2012","339","Oilseeds, Nes","18377.7131468815",""
"2012","332","Cake of Cottonseed","0.0",""
"2012","333","Linseed","0.0",""
"2012","267","Sunflower seed","0.0",""
"2012","266","Oil of Castor Beans","494.261905200863",""
"2012","269","Sunflower Cake","740.166945668406",""
"2012","268","Sunflower oil","0.0",""
"2012","280","Safflower seed","0.0",""
"2012","274","Oil of Olive Residues","0.0",""
"2012","290","Sesame oil","439.41242418097",""
"2012","289","Sesame seed","10544.7746557032",""
"2012","252","Coconut (copra) oil","15.8101841780203",""
"2012","251","Copra","0.0",""
"2012","256","Palm kernels","0.0",""
"2012","253","Cake of Copra","1.74227429435298",""
"2012","258","Palm kernel oil","91630.7105602773",""
"2012","257","Palm oil","25313.1777585222",""
"2012","262","Olives Preserved","27.8965321435814",""
"2012","261","Olive oil, virgin","0.0",""
"2012","237","Soybean oil","5.94739035047289",""
"2012","238","Cake of Soybeans","133.671440423296",""
"2012","239","Soya Sauce","0.0",""
"2012","242","Groundnuts, with shell","46.0117733817592",""
"2012","243","Groundnuts Shelled","5004.30878855478",""
"2012","244","Groundnut oil","9.039407459302",""
"2012","245","Cake of Groundnuts","0.403875297284342",""
"2012","246","Prepared Groundnuts","1250.99047030844",""
"2012","172","Glucose and Dextrose","0.0",""
"2012","176","Beans, dry","252.193707711878",""
"2012","187","Peas, dry","480.989351228775",""
"2012","211","Pulses, nes","0.0",""
"2012","212","Flour of Pulses","0.0",""
"2012","234","Nuts, nes","2598.53669364503",""
"2012","235","Prepared Nuts (Exc.Groundnuts)","209.883165870836",""
"2012","236","Soybeans","60.5323131948157",""
"2012","753","Oil Essential Nes","0.0",""
"2012","723","Spices, nes","50.3648457808669",""
"2012","720","Ginger","0.778719050165004",""
"2012","711","Anise, badian, fennel, coriander, cumin, caraway seeds and juniper berries","19.0496985675043",""
"2012","687","Pepper (Piper spp.)","743.675437399753",""
"2012","667","Tea","12.6038384248078",""
"2012","666","Chocolate Prsnes","6245.06182592504",""
"2012","665","Cocoapowder&Cake","78.5706863811508",""
"2012","664","Cocoa Butter","52728.2543924338",""
"2012","663","Cocoahusks","2117.57433306908",""
"2012","662","Cocoa Paste","2.22842130491695",""
"2012","661","Cocoa beans","1922254.04418982",""
"2012","657","Coffee Roasted","10.4692317619513",""
"2012","656","Coffee, green","1743.90732840471",""
"2012","635","Straw Husks","59.3170369277853",""
"2012","634","Bever. Dist.Alc","24678.5267270146",""
"2012","631","Waters,Ice Etc","6.12954960269906",""
"2012","633","Beverage Non-Alc","490.624555225752",""
"2012","624","Flour of Fruits","68.0305543776848",""
"2012","625","Fruit,Nut,Peel, Sugar Prs","12.8713943327004",""
"2012","622","Fruit Juice Nes","392.156287679062",""
"2012","623","Fruit Prp Nes","249.00993344518",""
"2012","619","Fruit Fresh Nes","0.0",""
"2012","620","Fruit Dried Nes","1.49471801773566",""
"2012","603","Fruit, tropical fresh nes","0.0",""
"2012","604","Fruit Tropical Dried Nes","1720.29890857469",""
"2012","587","Persimmons","0.0",""
"2012","600","Papayas","94.6583156652717",""
"2012","576","Juice of Pineapples","0.0",""
"2012","577","Dates","0.0",""
"2012","574","Pineapples","2576.33168820634",""
"2012","575","Pineapples Cand","0.0",""
"2012","565","Vermouths&Similar","0.0780350657251894",""
"2012","564","Wine","34.1872679338508",""
"2012","572","Avocados","1.77973488689368",""
"2012","567","Watermelons","0.0",""
"2012","558","Berries Nes","9.57338544643351",""
"2012","544","Strawberries","0.431407975516676",""
"2012","563","Must of Grapes","0.0279419627219262",""
"2012","560","Grapes","3.04817942147084",""
"2012","521","Pears","13.4833631385852",""
"2012","517","Cider Etc","223.190647296326",""
"2012","534","Peaches and nectarines","0.0",""
"2012","527","Dry Apricots","72.8593702181007",""
"2012","510","Grapefruit juice, concentrated","0.0",""
"2012","507","Grapefruit (incl. pomelos)","0.0",""
"2012","515","Apples","5.65763905532715",""
"2012","512","Citrus fruit, nes","82.940771740934",""
"2012","489","Plantains","0.0",""
"2012","490","Oranges","307.328576169318",""
"2012","491","Orange juice, single strength","0.0",""
"2012","492","Oranjuice Concentrated","3752.79513098947",""
"2012","474","Veg.in Tem. Preservatives","0.0",""
"2012","475","Veg.Prep. Or Pres.Frozen","0.320602496266662",""
"2012","476","Homogen.Veget.Prep","0.0",""
"2012","486","Bananas","1585.91279106211",""
"2012","469","Vegetables Dehydrated","7.26845559632013",""
"2012","471","Vegetables in Vinegar","0.0",""
"2012","472","Vegetables Preserved Nes","17.1599823012113",""
"2012","473","Vegetable Frozen","55.0085378219428",""
"2012","448","Sweet Corn Prep or Preserved","1.19466823989233",""
"2012","449","Mushrooms and truffles","0.0",""
"2012","463","Vegetables fresh nes","940.796758909312",""
"2012","466","Juice of Vegetables Nes","3855.35247137774",""
"2011","662","Cocoa Paste","6576.02333926045",""
"2011","661","Cocoa beans","2068435.13025307",""
"2011","664","Cocoa Butter","77667.7981558043",""
"2011","663","Cocoahusks","7026.06337867669",""
"2011","666","Chocolate Prsnes","121812.831863298",""
"2011","665","Cocoapowder&Cake","9393.94187095034",""
"2011","687","Pepper (Piper spp.)","14926.9382453166",""
"2011","667","Tea","1.49573412753026",""
"2011","720","Ginger","96.6920919785743",""
"2011","711","Anise, badian, fennel, coriander, cumin, caraway seeds and juniper berries","37.8020710042884",""
"2011","753","Oil Essential Nes","0.0",""
"2011","723","Spices, nes","29338.6818041189",""
"2011","826","Tobacco leaves","0.0",""
"2011","754","Pyrethrum,Dried","2045.46291955453",""
"2011","829","Cigars Cheroots","14.6543536782071",""
"2011","828","Cigarettes","14.6543536782071",""
"2011","831","Tobacco Products Nes","0.0",""
"2011","843","Pet Food","44.6141491101067",""
"2011","867","Cattle meat","0.204259816901641",""
"2011","874","Sausage Beef&Veal","6.41898365547121",""
"2011","875","Preparations of Beef Meat","542.237840694519",""
"2011","889","Milk Whole Cond","136.624820122102",""
"2011","890","Whey Condensed","0.0",""
"2011","891","Yoghurt","78.5536022372572",""
"2011","892","Yogh Conc.Or Not","0.0",""
"2011","893","Butterm.,Curdl,Acid.Milk","0.0163896703018425",""
"2011","894","Milk Whole Evp","0.0",""
"2011","895","Milk Skimmed Evp","6792.46266301865",""
"2011","896","Milk Skimmed Cond","0.0",""
"2011","897","Milk Whole Dried","114.986220830053",""
"2011","898","Milk Skimmed Dry","124.357115567765",""
"2011","899","Milkdry Buttrmilk","0.0",""
"2011","534","Peaches and nectarines","0.0",""
"2011","527","Dry Apricots","160.271950058078",""
"2011","521","Pears","8.29935645826337",""
"2011","517","Cider Etc","1394.47382288014",""
"2011","563","Must of Grapes","0.857640200164051",""
"2011","560","Grapes","2611.93916025786",""
"2011","558","Berries Nes","872.513036537096",""
"2011","544","Strawberries","0.0",""
"2011","572","Avocados","68.0260763772289",""
"2011","567","Watermelons","0.0",""
"2011","565","Vermouths&Similar","0.0",""
"2011","564","Wine","4465.79257146947",""
"2011","577","Dates","5.81136354878311",""
"2011","576","Juice of Pineapples","0.0",""
"2011","575","Pineapples Cand","21.8987134670329",""
"2011","574","Pineapples","17445.6975122625",""
"2011","603","Fruit, tropical fresh nes","0.0",""
"2011","604","Fruit Tropical Dried Nes","2865.38885665369",""
"2011","587","Persimmons","0.0",""
"2011","600","Papayas","2833.83175209605",""
"2011","622","Fruit Juice Nes","10.4045669993559",""
"2011","623","Fruit Prp Nes","2934.42957979862",""
"2011","619","Fruit Fresh Nes","0.0",""
"2011","620","Fruit Dried Nes","205.312944052056",""
"2011","631","Waters,Ice Etc","5222.76793851947",""
"2011","633","Beverage Non-Alc","4040.11899081205",""
"2011","624","Flour of Fruits","3940.89323152639",""
"2011","625","Fruit,Nut,Peel, Sugar Prs","26.2437201006325",""
"2011","656","Coffee, green","3769.29606553226",""
"2011","657","Coffee Roasted","142.161357768468",""
"2011","634","Bever. Dist.Alc","38232.6021700954",""
"2011","635","Straw Husks","1078.05577288317",""
"2012","59","Bran of Maize","0.0",""
"2012","58","Flour of Maize","116.471232093804",""
"2012","79","Millet","0.823701627919839",""
"2012","60","Maize oil","1.03359266975166",""
"2012","51","Beer of Barley","50.9825666930919",""
"2012","50","Malt Extract","2.98686418023267",""
"2012","57","Germ of Maize","0.0",""
"2012","56","Maize","116.471232093804",""
"2012","110","Wafers","0.0",""
"2012","109","Infant Food","9515.51104883759",""
"2012","113","Cereal Preparations, Nes","243.836002286094",""
"2012","111","Flour of Cereals","63.300011061743",""
"2012","101","Canary seed","0.115855164912151",""
"2012","83","Sorghum","0.0",""
"2012","108","Cereals, nes","43.4580815250456",""
"2012","105","Bran of Mixed Grains","0.0",""
"2012","122","Sweet potatoes","3.50929370771188",""
"2012","127","Tapioca of Cassava","0.0408786711159455",""
"2012","128","Cassava Dried","0.0",""
"2012","129","Cassava Starch","0.0",""
"2012","114","Mixes and Doughs","6.02282037573054",""
"2012","116","Potatoes","0.205947530465884",""
"2012","117","Potatoes Flour","0.0",""
"2012","118","Frozen Potatoes","1.27398093692963",""
"2012","162","Sugar Raw Centrifugal","0.46592061355801",""
"2012","164","Sugar Refined","7.52423627882967",""
"2012","167","Sugar, nes","0.0",""
"2012","168","Sugar Confectionery","2969.77267012039",""
"2012","150","Flour of Roots and Tubers","2600.0943751037",""
"2012","151","Roots and Tubers Dried","10554.000215704",""
"2012","156","Sugar cane","0.0",""
"2012","160","Maple Sugar and Syrups","0.0",""
"2011","1060","Fat Liver Prep (Foie Gras)","0.0",""
"2011","1059","Offals Liver Chicken","3765.35265536661",""
"2011","1035","Pig meat","0.0",""
"2011","1018","Offals of Goats, Edible","0.0",""
"2011","977","Sheep meat","4.06087937858861",""
"2011","909","Prod.of Nat.Milk Constit","7.20825759285663",""
"2011","901","Cheese of Whole Cow Milk","17.8824184837958",""
"2011","900","Whey Dry","0.0",""
"2011","1242","Margrine Short","16731.8917176344",""
"2011","1241","Liquid Margarine","0.0",""
"2011","1232","Food Prep Nes","4757.6882527484",""
"2011","1182","Honey, natural","13.5216827873229",""
"2011","1064","Eggs Dried","1.48910162894782",""
"2011","1063","Eggs Liquid","0.732798608320351",""
"2011","1062","Hen eggs, with shell","0.0",""
"2011","1061","Meat of Chicken Canned","3765.35265536661",""
"2012","20","Bread","0.0",""
"2012","22","Pastry","32.0964325878948",""
"2012","17","Bran of Wheat","0.0",""
"2012","18","Macaroni","3118.45070334249",""
"2012","15","Wheat","0.0",""
"2012","16","Flour of Wheat","636.197623568887",""
"2011","1243","Fat Prep Nes","992.371151273596",""
"2011","1293","Crude Materials","4921.30111917908",""
"2012","48","Barley Flour and Grits","96.1407993952914",""
"2012","49","Malt","0.0",""
"2012","38","Rice Flour","0.0",""
"2012","41","Breakfast Cereals","6.13844324404049",""
"2012","29","Milled/Husked Rice","0.0474438155638724",""
"2012","32","Rice Broken","0.522119798676278",""
"2012","27","Rice, paddy","0.00102321122398186",""
"2012","28","Rice Husked","0.0",""
"2011","162","Sugar Raw Centrifugal","0.95270821520388",""
"2011","164","Sugar Refined","7.89494580266555",""
"2011","167","Sugar, nes","0.00142691204562595",""
"2011","168","Sugar Confectionery","4746.41842213916",""
"2011","172","Glucose and Dextrose","123.457619280929",""
"2011","176","Beans, dry","353.811872216503",""
"2011","187","Peas, dry","0.0",""
"2011","211","Pulses, nes","0.0",""
"2011","122","Sweet potatoes","266847.970878223",""
"2011","127","Tapioca of Cassava","0.252517189555797",""
"2011","128","Cassava Dried","0.0793191339436612",""
"2011","129","Cassava Starch","0.0",""
"2011","150","Flour of Roots and Tubers","13075.5648336646",""
"2011","151","Roots and Tubers Dried","154490.812318126",""
"2011","156","Sugar cane","3.89060120781058",""
"2011","160","Maple Sugar and Syrups","0.0",""
"2011","244","Groundnut oil","1.09258523212094",""
"2011","243","Groundnuts Shelled","256.379840463306",""
"2011","246","Prepared Groundnuts","31971.1787967036",""
"2011","245","Cake of Groundnuts","0.0",""
"2011","252","Coconut (copra) oil","1.50956724708369",""
"2011","251","Copra","2.05079630720447",""
"2011","256","Palm kernels","0.0",""
"2011","253","Cake of Copra","116.05398043501",""
"2011","234","Nuts, nes","3635.14934242036",""
"2011","212","Flour of Pulses","0.0",""
"2011","236","Soybeans","19.7389433584181",""
"2011","235","Prepared Nuts (Exc.Groundnuts)","0.194324281176542",""
"2011","238","Cake of Soybeans","11.6920049985962",""
"2011","237","Soybean oil","8.30183373612036",""
"2011","242","Groundnuts, with shell","134.926556969133",""
"2011","239","Soya Sauce","0.0",""
"2011","48","Barley Flour and Grits","365.633528029023",""
"2011","49","Malt","0.0",""
"2011","38","Rice Flour","0.0",""
"2011","41","Breakfast Cereals","824.343148124701",""
"2011","56","Maize","83.4795998921008",""
"2011","57","Germ of Maize","6.34738702236707",""
"2011","50","Malt Extract","0.0185762808902786",""
"2011","51","Beer of Barley","759.411872216503",""
"2011","20","Bread","1.12235880892481",""
"2011","22","Pastry","84.7600222404501",""
"2011","17","Bran of Wheat","0.0",""
"2011","18","Macaroni","8984.04664108648",""
"2011","29","Milled/Husked Rice","630.885841531288",""
"2011","32","Rice Broken","0.0",""
"2011","27","Rice, paddy","0.678965708969397",""
"2011","28","Rice Husked","1.04504131548959",""
"2011","113","Cereal Preparations, Nes","37.5258710384198",""
"2011","111","Flour of Cereals","181.013484098629",""
"2011","110","Wafers","0.0",""
"2011","109","Infant Food","28645.0715580977",""
"2011","118","Frozen Potatoes","0.0",""
"2011","117","Potatoes Flour","0.0",""
"2011","116","Potatoes","0.384169643987647",""
"2011","114","Mixes and Doughs","0.93562490710208",""
"2011","79","Millet","0.635127800012111",""
"2011","60","Maize oil","5.0646525480179",""
"2011","59","Bran of Maize","0.00214697414272423",""
"2011","58","Flour of Maize","89.8269869144679",""
"2011","108","Cereals, nes","47.2051439298435",""
"2011","105","Bran of Mixed Grains","0.0",""
"2011","101","Canary seed","0.0",""
"2011","83","Sorghum","0.0",""
"2011","448","Sweet Corn Prep or Preserved","0.105122460102064",""
"2011","449","Mushrooms and truffles","0.831024326868556",""
"2011","463","Vegetables fresh nes","22868.138465519",""
"2011","466","Juice of Vegetables Nes","1565.2104221832",""
"2011","417","Peas, green","58.4062251240015",""
"2011","420","Leguminous vegetables, nes","5.38798024783789",""
"2011","426","Carrots and turnips","92.5827636511773",""
"2011","447","Sweet Corn Frozen","43.4091417057985",""
"2011","402","Onions (incl. shallots), green","1558.4575543212",""
"2011","406","Garlic","3.60170436716561",""
"2011","407","Leeks and other alliaceous vegetables","208.302271939048",""
"2011","414","Beans, green","1271.78806392478",""
"2011","393","Cauliflowers and broccoli","433.334109914066",""
"2011","397","Cucumbers and gherkins","80.8373485419844",""
"2011","399","Eggplants (aubergines)","928.925680563278",""
"2011","401","Chillies and peppers, green (Capsicum spp.)","0.0",""
"2011","510","Grapefruit juice, concentrated","0.0",""
"2011","507","Grapefruit (incl. pomelos)","0.0",""
"2011","515","Apples","68.7089462761009",""
"2011","512","Citrus fruit, nes","49.9671303763811",""
"2011","490","Oranges","4879.35026837177",""
"2011","489","Plantains","0.0",""
"2011","492","Oranjuice Concentrated","1213.03566069",""
"2011","491","Orange juice, single strength","0.0",""
"2011","475","Veg.Prep. Or Pres.Frozen","0.0",""
"2011","474","Veg.in Tem. Preservatives","11046.5767499216",""
"2011","486","Bananas","3574.50322871881",""
"2011","476","Homogen.Veget.Prep","0.0",""
"2011","471","Vegetables in Vinegar","0.0",""
"2011","469","Vegetables Dehydrated","5.41699412609895",""
"2011","473","Vegetable Frozen","61.0094676054632",""
"2011","472","Vegetables Preserved Nes","11.2965521797293",""
"2011","329","Cottonseed","554.685362590902",""
"2011","331","Cottonseed oil","0.804091362007366",""
"2011","291","Cake of Sesame Seed","0.0",""
"2011","292","Mustard seed","0.330039471293855",""
"2011","289","Sesame seed","6091.9096839544",""
"2011","290","Sesame oil","61.058596979923",""
"2011","274","Oil of Olive Residues","0.0",""
"2011","280","Safflower seed","0.0",""
"2011","268","Sunflower oil","0.0",""
"2011","269","Sunflower Cake","442.232624097858",""
"2011","266","Oil of Castor Beans","0.0",""
"2011","267","Sunflower seed","28.1339491662584",""
"2011","261","Olive oil, virgin","26.5006369356623",""
"2011","262","Olives Preserved","47.5713384457008",""
"2011","257","Palm oil","11301.855575802",""
"2011","258","Palm kernel oil","19573.677810747",""
"2011","392","Tomato Peeled","0.0",""
"2011","391","Paste of Tomatoes","621.450781994044",""
"2011","390","Juice of Tomatoes","33.3129528601549",""
"2011","388","Tomatoes","14.2472807746723",""
"2011","373","Spinach","221.641878106919",""
"2011","372","Lettuce and chicory","2.33352307446697",""
"2011","367","Asparagus","2.8181314718884",""
"2011","366","Artichokes","0.0",""
"2011","358","Cabbages and other brassicas","17.035803821614",""
"2011","343","Flour of Oilseeds","160.661893410991",""
"2011","341","Cake of Oilseeds, Nes","0.0",""
"2011","340","Oil of vegetable origin, nes","12515.0596649619",""
"2011","339","Oilseeds, Nes","18549.8508392467",""
"2011","334","Linseed oil","0.0",""
"2011","333","Linseed","0.0",""
"2011","332","Cake of Cottonseed","0.0",""
"2005","1243","Fat Prep Nes","18.985150529688",""
"2005","1293","Crude Materials","5198.1773877255",""
"2006","15","Wheat","1.59635284013982",""
"2006","16","Flour of Wheat","5.58212085190873",""
"2006","17","Bran of Wheat","0.0",""
"2006","18","Macaroni","0.0",""
"2006","20","Bread","19.6661899727796",""
"2006","22","Pastry","0.934388477936405",""
"2005","1061","Meat of Chicken Canned","51.1617822594655",""
"2005","1062","Hen eggs, with shell","0.0",""
"2005","1063","Eggs Liquid","0.0",""
"2005","1064","Eggs Dried","0.0",""
"2005","1182","Honey, natural","0.0497536590037136",""
"2005","1232","Food Prep Nes","749.94956412781",""
"2005","1241","Liquid Margarine","0.0",""
"2005","1242","Margrine Short","2618.61963696604",""
"2005","901","Cheese of Whole Cow Milk","0.100421340516792",""
"2005","900","Whey Dry","0.0",""
"2005","977","Sheep meat","0.754321853571575",""
"2005","909","Prod.of Nat.Milk Constit","0.0",""
"2005","1035","Pig meat","0.150615492296103",""
"2005","1018","Offals of Goats, Edible","1.00471997185985",""
"2005","1060","Fat Liver Prep (Foie Gras)","0.0",""
"2005","1059","Offals Liver Chicken","51.1617822594655",""
"2005","893","Butterm.,Curdl,Acid.Milk","0.0",""
"2005","892","Yogh Conc.Or Not","0.0",""
"2005","895","Milk Skimmed Evp","799.170592482055",""
"2005","894","Milk Whole Evp","0.0",""
"2005","897","Milk Whole Dried","4121.58705509197",""
"2005","896","Milk Skimmed Cond","0.0",""
"2005","899","Milkdry Buttrmilk","0.0",""
"2005","898","Milk Skimmed Dry","793.05121178186",""
"2006","117","Potatoes Flour","0.0",""
"2006","118","Frozen Potatoes","0.0",""
"2006","114","Mixes and Doughs","30.4863921286911",""
"2006","116","Potatoes","0.211844936064361",""
"2006","128","Cassava Dried","38.7168911358222",""
"2006","129","Cassava Starch","2.54482544602167",""
"2006","122","Sweet potatoes","1.25977464469345",""
"2006","127","Tapioca of Cassava","1.91113053976221",""
"2006","105","Bran of Mixed Grains","38.5615645230451",""
"2006","108","Cereals, nes","135.266697843085",""
"2006","83","Sorghum","0.19966890298389",""
"2006","101","Canary seed","0.0",""
"2006","111","Flour of Cereals","25.367685819043",""
"2006","113","Cereal Preparations, Nes","127.956477804231",""
"2006","109","Infant Food","6374.97638016361",""
"2006","110","Wafers","0.0",""
"2006","57","Germ of Maize","16.1082473095814",""
"2006","56","Maize","3.00914490630258",""
"2006","51","Beer of Barley","120.255035136108",""
"2006","50","Malt Extract","35.1244090797",""
"2006","79","Millet","3.29141810750182",""
"2006","60","Maize oil","2.02045993100186",""
"2006","59","Bran of Maize","310.560066602489",""
"2006","58","Flour of Maize","19.117392215884",""
"2006","32","Rice Broken","0.0",""
"2006","29","Milled/Husked Rice","0.167261574041188",""
"2006","28","Rice Husked","0.0",""
"2006","27","Rice, paddy","1.12472551596209",""
"2006","49","Malt","0.0",""
"2006","48","Barley Flour and Grits","0.070580119681681",""
"2006","41","Breakfast Cereals","15.8742494749249",""
"2006","38","Rice Flour","0.596083672327337",""
"2005","619","Fruit Fresh Nes","0.0",""
"2005","620","Fruit Dried Nes","0.0",""
"2005","622","Fruit Juice Nes","68.2532433345413",""
"2005","623","Fruit Prp Nes","11243.2666577161",""
"2005","587","Persimmons","1.01773653337875",""
"2005","600","Papayas","1165.20299788371",""
"2005","603","Fruit, tropical fresh nes","0.0",""
"2005","604","Fruit Tropical Dried Nes","144.740574074045",""
"2005","574","Pineapples","15554.3334422023",""
"2005","575","Pineapples Cand","127.089533001489",""
"2005","576","Juice of Pineapples","0.0",""
"2005","577","Dates","3.7520073393438",""
"2005","564","Wine","47.4049735488677",""
"2005","565","Vermouths&Similar","0.752273562165048",""
"2005","567","Watermelons","0.170074260658113",""
"2005","572","Avocados","0.325447074930666",""
"2005","558","Berries Nes","0.0",""
"2005","544","Strawberries","0.0",""
"2005","563","Must of Grapes","0.0",""
"2005","560","Grapes","12.8845127970952",""
"2005","521","Pears","0.528084764024808",""
"2005","517","Cider Etc","18988.2141679546",""
"2005","534","Peaches and nectarines","0.401872571496795",""
"2005","527","Dry Apricots","111.166104594826",""
"2005","510","Grapefruit juice, concentrated","0.0",""
"2005","507","Grapefruit (incl. pomelos)","0.0",""
"2005","515","Apples","0.0",""
"2005","512","Citrus fruit, nes","0.365708114620258",""
"2005","490","Oranges","83.3620574389732",""
"2005","489","Plantains","0.0",""
"2005","492","Oranjuice Concentrated","34.7072847502227",""
"2005","491","Orange juice, single strength","0.0",""
"2005","890","Whey Condensed","0.0",""
"2005","891","Yoghurt","0.0",""
"2005","875","Preparations of Beef Meat","0.100476402113741",""
"2005","889","Milk Whole Cond","28.428591027878",""
"2005","867","Cattle meat","1.98803199482568",""
"2005","874","Sausage Beef&Veal","0.0",""
"2005","831","Tobacco Products Nes","187.174476527104",""
"2005","843","Pet Food","9.92734163435851",""
"2005","828","Cigarettes","327.934956102601",""
"2005","829","Cigars Cheroots","327.934956102601",""
"2005","754","Pyrethrum,Dried","1100.79347248439",""
"2005","826","Tobacco leaves","1192.81196180157",""
"2005","723","Spices, nes","446.423977783747",""
"2005","753","Oil Essential Nes","0.0",""
"2005","711","Anise, badian, fennel, coriander, cumin, caraway seeds and juniper berries","418.817822007331",""
"2005","720","Ginger","35.0931674339653",""
"2005","687","Pepper (Piper spp.)","966.538542613133",""
"2005","667","Tea","5.15030760619983",""
"2005","666","Chocolate Prsnes","1271.52021747128",""
"2005","665","Cocoapowder&Cake","7699.00530307417",""
"2005","664","Cocoa Butter","52335.9412925912",""
"2005","663","Cocoahusks","2732.97357676555",""
"2005","662","Cocoa Paste","35696.6746925062",""
"2005","661","Cocoa beans","771998.654981005",""
"2005","657","Coffee Roasted","0.0",""
"2005","656","Coffee, green","410.018285038654",""
"2005","635","Straw Husks","23.3335740748711",""
"2005","634","Bever. Dist.Alc","2.01164240759769",""
"2005","633","Beverage Non-Alc","264.278872672535",""
"2005","631","Waters,Ice Etc","2.28647135645254",""
"2005","625","Fruit,Nut,Peel, Sugar Prs","3.15617478643213",""
"2005","624","Flour of Fruits","0.366456952338773",""
"2005","280","Safflower seed","7.43533084265259",""
"2005","274","Oil of Olive Residues","39.1267707924291",""
"2005","290","Sesame oil","0.0",""
"2005","289","Sesame seed","40.8602860615146",""
"2005","292","Mustard seed","0.0",""
"2005","291","Cake of Sesame Seed","0.0",""
"2005","331","Cottonseed oil","0.0",""
"2005","329","Cottonseed","1862.59987095397",""
"2005","333","Linseed","0.0",""
"2005","332","Cake of Cottonseed","0.0",""
"2005","339","Oilseeds, Nes","25774.1118981962",""
"2005","334","Linseed oil","0.502194801139078",""
"2005","341","Cake of Oilseeds, Nes","0.0",""
"2005","340","Oil of vegetable origin, nes","14137.2753741504",""
"2005","358","Cabbages and other brassicas","0.401828522219236",""
"2005","343","Flour of Oilseeds","863.13286354167",""
"2005","243","Groundnuts Shelled","2752.51477674312",""
"2005","244","Groundnut oil","5.32229801043179",""
"2005","245","Cake of Groundnuts","0.0",""
"2005","246","Prepared Groundnuts","395.836624533227",""
"2005","251","Copra","0.0",""
"2005","252","Coconut (copra) oil","0.301968809991331",""
"2005","253","Cake of Copra","0.0",""
"2005","256","Palm kernels","90.8451376985005",""
"2005","257","Palm oil","3660.96253618121",""
"2005","258","Palm kernel oil","142.921834465201",""
"2005","261","Olive oil, virgin","0.0",""
"2005","262","Olives Preserved","76.2357432907215",""
"2005","266","Oil of Castor Beans","0.0",""
"2005","267","Sunflower seed","0.0",""
"2005","268","Sunflower oil","0.0",""
"2005","269","Sunflower Cake","691.587449516545",""
"2005","447","Sweet Corn Frozen","0.0",""
"2005","426","Carrots and turnips","0.0",""
"2005","420","Leguminous vegetables, nes","26.4034012649668",""
"2005","417","Peas, green","0.425813353850508",""
"2005","466","Juice of Vegetables Nes","7.25225103279496",""
"2005","463","Vegetables fresh nes","1937.41260233313",""
"2005","449","Mushrooms and truffles","0.0",""
"2005","448","Sweet Corn Prep or Preserved","0.0259450244826802",""
"2005","473","Vegetable Frozen","4.24466547189119",""
"2005","472","Vegetables Preserved Nes","7.47155036112607",""
"2005","471","Vegetables in Vinegar","2.00914261109618",""
"2005","469","Vegetables Dehydrated","2.17278567723057",""
"2005","486","Bananas","1197.69232442256",""
"2005","476","Homogen.Veget.Prep","0.0",""
"2005","475","Veg.Prep. Or Pres.Frozen","2.00844883497461",""
"2005","474","Veg.in Tem. Preservatives","182.019202364859",""
"2005","372","Lettuce and chicory","0.401905608454965",""
"2005","373","Spinach","57.2706461946426",""
"2005","366","Artichokes","0.0",""
"2005","367","Asparagus","2.31646340831102",""
"2005","391","Paste of Tomatoes","6257.04067225805",""
"2005","392","Tomato Peeled","0.502591244637115",""
"2005","388","Tomatoes","0.0",""
"2005","390","Juice of Tomatoes","0.0",""
"2005","399","Eggplants (aubergines)","75.9515703888643",""
"2005","401","Chillies and peppers, green (Capsicum spp.)","0.150516381421593",""
"2005","393","Cauliflowers and broccoli","0.0",""
"2005","397","Cucumbers and gherkins","6.49166316949052",""
"2005","407","Leeks and other alliaceous vegetables","5.32271647856861",""
"2005","414","Beans, green","25.4665612298265",""
"2005","402","Onions (incl. shallots), green","654.512963197655",""
"2005","406","Garlic","0.0",""
"2005","51","Beer of Barley","171.621006990345",""
"2005","50","Malt Extract","34.6178096551795",""
"2005","57","Germ of Maize","1.79849896580556",""
"2005","56","Maize","3.55044885754987",""
"2005","41","Breakfast Cereals","1106.60710825027",""
"2005","38","Rice Flour","0.323530931356818",""
"2005","49","Malt","0.0",""
"2005","48","Barley Flour and Grits","0.561474116415083",""
"2005","101","Canary seed","14.4680292637705",""
"2005","83","Sorghum","3.26978888557806",""
"2005","108","Cereals, nes","27.0974328723424",""
"2005","105","Bran of Mixed Grains","39.077457626201",""
"2005","59","Bran of Maize","0.819326473698406",""
"2005","58","Flour of Maize","5.34894782335542",""
"2005","79","Millet","24.3961538740376",""
"2005","60","Maize oil","0.100344254281062",""
"2005","15","Wheat","0.0",""
"2005","16","Flour of Wheat","25.9563660704199",""
"2005","27","Rice, paddy","1.90112387143227",""
"2005","28","Rice Husked","0.245486623840368",""
"2005","29","Milled/Husked Rice","0.0200974828866262",""
"2005","32","Rice Broken","0.0",""
"2005","17","Bran of Wheat","0.0",""
"2005","18","Macaroni","36.642127242395",""
"2005","20","Bread","35.6609516093908",""
"2005","22","Pastry","2.3686507898999",""
"2005","211","Pulses, nes","0.402830643283719",""
"2005","187","Peas, dry","0.0",""
"2005","176","Beans, dry","19.1207011690587",""
"2005","172","Glucose and Dextrose","74.7468997338414",""
"2005","168","Sugar Confectionery","247.393539090568",""
"2005","167","Sugar, nes","0.0",""
"2005","164","Sugar Refined","15.5960046204021",""
"2005","162","Sugar Raw Centrifugal","0.132599337774174",""
"2005","242","Groundnuts, with shell","383.063342769362",""
"2005","239","Soya Sauce","0.0",""
"2005","238","Cake of Soybeans","0.0",""
"2005","237","Soybean oil","0.0",""
"2005","236","Soybeans","4.71603679105785",""
"2005","235","Prepared Nuts (Exc.Groundnuts)","20.851639555407",""
"2005","234","Nuts, nes","44.0423287861937",""
"2005","212","Flour of Pulses","13.6367753469408",""
"2005","117","Potatoes Flour","0.0",""
"2005","118","Frozen Potatoes","11.1511406881617",""
"2005","114","Mixes and Doughs","31.7455104379811",""
"2005","116","Potatoes","0.153412621421145",""
"2005","111","Flour of Cereals","32.6957965150965",""
"2005","113","Cereal Preparations, Nes","240.043133052586",""
"2005","109","Infant Food","922.202570330407",""
"2005","110","Wafers","0.0",""
"2005","156","Sugar cane","0.140374035263466",""
"2005","160","Maple Sugar and Syrups","0.0",""
"2005","150","Flour of Roots and Tubers","1952.66789129776",""
"2005","151","Roots and Tubers Dried","9538.05368707595",""
"2005","128","Cassava Dried","6.67346555029891",""
"2005","129","Cassava Starch","88.0744821892711",""
"2005","122","Sweet potatoes","0.0",""
"2005","127","Tapioca of Cassava","14.7278869644147",""
"2008","491","Orange juice, single strength","0.0",""
"2008","492","Oranjuice Concentrated","481.040339490764",""
"2008","489","Plantains","0.0",""
"2008","490","Oranges","586.151791063405",""
"2008","476","Homogen.Veget.Prep","0.0",""
"2008","486","Bananas","1384.87267848228",""
"2008","474","Veg.in Tem. Preservatives","0.272675361957064",""
"2008","475","Veg.Prep. Or Pres.Frozen","2.32061907139291",""
"2008","472","Vegetables Preserved Nes","5.62733087868198",""
"2008","473","Vegetable Frozen","0.345082376435347",""
"2008","469","Vegetables Dehydrated","0.86679667998003",""
"2008","471","Vegetables in Vinegar","0.0",""
"2008","463","Vegetables fresh nes","1542.13788691962",""
"2008","466","Juice of Vegetables Nes","329.068949700449",""
"2008","448","Sweet Corn Prep or Preserved","0.0",""
"2008","449","Mushrooms and truffles","0.0",""
"2008","447","Sweet Corn Frozen","0.0",""
"2008","426","Carrots and turnips","0.0",""
"2008","420","Leguminous vegetables, nes","24.3962400149775",""
"2008","417","Peas, green","14.3685659011483",""
"2008","414","Beans, green","1.38558100349476",""
"2008","407","Leeks and other alliaceous vegetables","0.0",""
"2008","406","Garlic","0.0",""
"2008","402","Onions (incl. shallots), green","391.778507239141",""
"2008","401","Chillies and peppers, green (Capsicum spp.)","47.3199357214179",""
"2008","399","Eggplants (aubergines)","3616.74822453819",""
"2008","397","Cucumbers and gherkins","0.0",""
"2008","393","Cauliflowers and broccoli","0.0",""
"2008","392","Tomato Peeled","0.0",""
"2008","391","Paste of Tomatoes","1161.03894158762",""
"2008","390","Juice of Tomatoes","0.0",""
"2008","388","Tomatoes","0.0",""
"2008","366","Artichokes","0.0",""
"2008","367","Asparagus","1.93426422865701",""
"2008","372","Lettuce and chicory","0.110786944583125",""
"2008","373","Spinach","58.9500187219171",""
"2008","340","Oil of vegetable origin, nes","3128.69155641538",""
"2008","341","Cake of Oilseeds, Nes","3.36039690464304",""
"2008","343","Flour of Oilseeds","45.8480373190215",""
"2008","358","Cabbages and other brassicas","0.0",""
"2008","332","Cake of Cottonseed","16.4604405891163",""
"2008","333","Linseed","0.0",""
"2008","334","Linseed oil","0.0",""
"2008","339","Oilseeds, Nes","42624.2777021967",""
"2008","291","Cake of Sesame Seed","0.0",""
"2008","292","Mustard seed","0.0",""
"2008","329","Cottonseed","9587.31958936595",""
"2008","331","Cottonseed oil","0.0",""
"2008","280","Safflower seed","0.0",""
"2008","274","Oil of Olive Residues","1.07103407388917",""
"2008","290","Sesame oil","0.0",""
"2008","289","Sesame seed","930.768001123315",""
"2008","267","Sunflower seed","0.0",""
"2008","266","Oil of Castor Beans","0.0",""
"2008","269","Sunflower Cake","351.245041812282",""
"2008","268","Sunflower oil","0.0",""
"2008","258","Palm kernel oil","596.939032076885",""
"2008","257","Palm oil","2302.01027209186",""
"2008","262","Olives Preserved","5.39548801797304",""
"2008","261","Olive oil, virgin","0.0",""
"2008","252","Coconut (copra) oil","0.0621380429355966",""
"2008","251","Copra","0.0",""
"2008","256","Palm kernels","247.89342236645",""
"2008","253","Cake of Copra","0.0",""
"2008","239","Soya Sauce","25.824778457314",""
"2008","242","Groundnuts, with shell","411.360986645032",""
"2008","237","Soybean oil","0.0",""
"2008","238","Cake of Soybeans","670.515745132302",""
"2008","245","Cake of Groundnuts","0.0",""
"2008","246","Prepared Groundnuts","197.019692336495",""
"2008","243","Groundnuts Shelled","34.2922896904643",""
"2008","244","Groundnut oil","109.275552296555",""
"2008","187","Peas, dry","0.118734398402396",""
"2008","211","Pulses, nes","0.113426734897654",""
"2008","172","Glucose and Dextrose","263.284261108337",""
"2008","176","Beans, dry","2.14598102845731",""
"2008","235","Prepared Nuts (Exc.Groundnuts)","0.0",""
"2008","236","Soybeans","75.4030547928108",""
"2008","212","Flour of Pulses","3.55413130304543",""
"2008","234","Nuts, nes","260.717046305542",""
"2008","160","Maple Sugar and Syrups","0.0",""
"2008","156","Sugar cane","6.80953569645532",""
"2008","151","Roots and Tubers Dried","10601.604902022",""
"2008","150","Flour of Roots and Tubers","1711.99532576136",""
"2008","168","Sugar Confectionery","607.926709935097",""
"2008","167","Sugar, nes","0.0",""
"2008","164","Sugar Refined","13.6026054667998",""
"2008","162","Sugar Raw Centrifugal","0.985400024962556",""
"2008","118","Frozen Potatoes","0.294945082376435",""
"2008","117","Potatoes Flour","0.701594483275087",""
"2008","116","Potatoes","2.27508736894658",""
"2008","114","Mixes and Doughs","0.100162256615077",""
"2008","129","Cassava Starch","0.633746255616575",""
"2008","128","Cassava Dried","9.5839459560659",""
"2008","127","Tapioca of Cassava","1.04906390414378",""
"2008","122","Sweet potatoes","11.1873096605092",""
"2008","83","Sorghum","0.763451697453819",""
"2008","101","Canary seed","0.0",""
"2008","105","Bran of Mixed Grains","13.5856527708437",""
"2008","108","Cereals, nes","108.193977783325",""
"2008","109","Infant Food","11549.7099881428",""
"2008","110","Wafers","0.0",""
"2008","111","Flour of Cereals","66.7390008736895",""
"2008","113","Cereal Preparations, Nes","25.5249095107339",""
"2008","50","Malt Extract","0.0659385921118323",""
"2008","51","Beer of Barley","83.1859148776835",""
"2008","56","Maize","14.8292841987019",""
"2008","57","Germ of Maize","0.432860084872691",""
"2008","58","Flour of Maize","15.2621442835746",""
"2008","59","Bran of Maize","0.0462618572141787",""
"2008","60","Maize oil","0.0",""
"2008","79","Millet","0.258867948077883",""
"2008","28","Rice Husked","0.0143503494757863",""
"2008","27","Rice, paddy","1.84266724912631",""
"2008","32","Rice Broken","1.53223914128807",""
"2008","29","Milled/Husked Rice","0.227153020469296",""
"2008","41","Breakfast Cereals","26.3644564403395",""
"2008","38","Rice Flour","0.0186657513729406",""
"2008","49","Malt","180.715532950574",""
"2008","48","Barley Flour and Grits","0.773421118322516",""
"2007","1293","Crude Materials","2571.51519002788",""
"2007","1243","Fat Prep Nes","6.65387984792686",""
"2008","16","Flour of Wheat","0.66280267099351",""
"2008","15","Wheat","0.0",""
"2008","18","Macaroni","241.640713929106",""
"2008","17","Bran of Wheat","0.0",""
"2008","22","Pastry","0.458883549675487",""
"2008","20","Bread","9.88977783325012",""
"2007","1060","Fat Liver Prep (Foie Gras)","0.0",""
"2007","1059","Offals Liver Chicken","0.0",""
"2007","1035","Pig meat","0.198690134665092",""
"2007","1018","Offals of Goats, Edible","0.0",""
"2007","977","Sheep meat","0.29680871968489",""
"2007","909","Prod.of Nat.Milk Constit","36.7448661716714",""
"2007","901","Cheese of Whole Cow Milk","29.1159648803011",""
"2007","900","Whey Dry","0.0",""
"2007","1242","Margrine Short","184.425772090613",""
"2007","1241","Liquid Margarine","0.0",""
"2007","1232","Food Prep Nes","578.008948166102",""
"2007","1182","Honey, natural","0.486028277882853",""
"2007","1064","Eggs Dried","0.0",""
"2007","1063","Eggs Liquid","0.0",""
"2007","1062","Hen eggs, with shell","0.0",""
"2007","1061","Meat of Chicken Canned","296.854792759595",""
"2007","890","Whey Condensed","0.0",""
"2007","891","Yoghurt","6.17907228344611",""
"2007","875","Preparations of Beef Meat","0.0",""
"2007","889","Milk Whole Cond","1687.36157080745",""
"2007","867","Cattle meat","0.79077180487804",""
"2007","874","Sausage Beef&Veal","0.0",""
"2007","831","Tobacco Products Nes","0.239963930754942",""
"2007","843","Pet Food","26.0939977822",""
"2007","898","Milk Skimmed Dry","8.63168389533627",""
"2007","899","Milkdry Buttrmilk","0.0",""
"2007","896","Milk Skimmed Cond","0.0",""
"2007","897","Milk Whole Dried","18.4541221403965",""
"2007","894","Milk Whole Evp","0.0",""
"2007","895","Milk Skimmed Evp","5739.59539770511",""
"2007","892","Yogh Conc.Or Not","0.0",""
"2007","893","Butterm.,Curdl,Acid.Milk","1.76208180619251",""
"2007","666","Chocolate Prsnes","4168.11313428355",""
"2007","665","Cocoapowder&Cake","7030.41808737904",""
"2007","687","Pepper (Piper spp.)","532.616926291346",""
"2007","667","Tea","271.917069176535",""
"2007","662","Cocoa Paste","50811.8095244528",""
"2007","661","Cocoa beans","864454.629914739",""
"2007","664","Cocoa Butter","84987.6596611123",""
"2007","663","Cocoahusks","4155.61279455684",""
"2007","826","Tobacco leaves","6459.05827310757",""
"2007","754","Pyrethrum,Dried","596.347375696684",""
"2007","829","Cigars Cheroots","0.69554345209089",""
"2007","828","Cigarettes","0.0",""
"2007","720","Ginger","5.99154740385245",""
"2007","711","Anise, badian, fennel, coriander, cumin, caraway seeds and juniper berries","185.078015384532",""
"2007","753","Oil Essential Nes","0.0",""
"2007","723","Spices, nes","305.262318348415",""
"2007","619","Fruit Fresh Nes","0.0",""
"2007","620","Fruit Dried Nes","3.61037998643937",""
"2007","622","Fruit Juice Nes","445.635682672054",""
"2007","623","Fruit Prp Nes","735.712710205071",""
"2007","587","Persimmons","0.0",""
"2007","600","Papayas","546.419979005822",""
"2007","603","Fruit, tropical fresh nes","0.0",""
"2007","604","Fruit Tropical Dried Nes","274.336982769968",""
"2007","634","Bever. Dist.Alc","86.4372688514109",""
"2007","635","Straw Husks","62.8474706601879",""
"2007","656","Coffee, green","609.74321815272",""
"2007","657","Coffee Roasted","0.0299048383038603",""
"2007","624","Flour of Fruits","2.6502363067027",""
"2007","625","Fruit,Nut,Peel, Sugar Prs","42.3916760600696",""
"2007","631","Waters,Ice Etc","1.3877380742148",""
"2007","633","Beverage Non-Alc","263.730010715723",""
"2007","534","Peaches and nectarines","0.0",""
"2007","527","Dry Apricots","0.0",""
"2007","521","Pears","0.0248389330990337",""
"2007","517","Cider Etc","1651.21934471894",""
"2007","563","Must of Grapes","0.0",""
"2007","560","Grapes","0.0",""
"2007","558","Berries Nes","11.7164255577228",""
"2007","544","Strawberries","0.0",""
"2007","572","Avocados","0.0",""
"2007","567","Watermelons","0.0",""
"2007","565","Vermouths&Similar","0.0",""
"2007","564","Wine","1.98449104227978",""
"2007","577","Dates","0.240859796096427",""
"2007","576","Juice of Pineapples","0.0",""
"2007","575","Pineapples Cand","281.046715555911",""
"2007","574","Pineapples","9925.28452478832",""
"2007","472","Vegetables Preserved Nes","66.8532898743842",""
"2007","473","Vegetable Frozen","10.3280475796927",""
"2007","469","Vegetables Dehydrated","151.518093413692",""
"2007","471","Vegetables in Vinegar","0.0",""
"2007","476","Homogen.Veget.Prep","0.0",""
"2007","486","Bananas","15782.8952608101",""
"2007","474","Veg.in Tem. Preservatives","38.846320966333",""
"2007","475","Veg.Prep. Or Pres.Frozen","34.8756324715992",""
"2007","491","Orange juice, single strength","0.0",""
"2007","492","Oranjuice Concentrated","429.10642320341",""
"2007","489","Plantains","0.0",""
"2007","490","Oranges","289.002223754634",""
"2007","512","Citrus fruit, nes","15.8016141751493",""
"2007","515","Apples","21.330127178217",""
"2007","507","Grapefruit (incl. pomelos)","0.0",""
"2007","510","Grapefruit juice, concentrated","0.0",""
"2007","397","Cucumbers and gherkins","0.231431879883655",""
"2007","393","Cauliflowers and broccoli","0.0",""
"2007","401","Chillies and peppers, green (Capsicum spp.)","34.7386077346063",""
"2007","399","Eggplants (aubergines)","25.4831669301974",""
"2007","406","Garlic","1.77006993882075",""
"2007","402","Onions (incl. shallots), green","1130.74125835841",""
"2007","414","Beans, green","9.05655869859917",""
"2007","407","Leeks and other alliaceous vegetables","0.0",""
"2007","420","Leguminous vegetables, nes","241.906636078079",""
"2007","417","Peas, green","0.0",""
"2007","447","Sweet Corn Frozen","0.0",""
"2007","426","Carrots and turnips","0.0",""
"2007","449","Mushrooms and truffles","0.0",""
"2007","448","Sweet Corn Prep or Preserved","0.0299474985582167",""
"2007","466","Juice of Vegetables Nes","323.301921462294",""
"2007","463","Vegetables fresh nes","2526.83523925426",""
"2007","332","Cake of Cottonseed","0.0",""
"2007","333","Linseed","0.0",""
"2007","334","Linseed oil","22.9536378131963",""
"2007","339","Oilseeds, Nes","29692.7366277656",""
"2007","340","Oil of vegetable origin, nes","6328.33083702708",""
"2007","341","Cake of Oilseeds, Nes","0.0",""
"2007","343","Flour of Oilseeds","321.262270711131",""
"2007","358","Cabbages and other brassicas","0.00496991963252457",""
"2007","366","Artichokes","0.0",""
"2007","367","Asparagus","0.07046407513324",""
"2007","372","Lettuce and chicory","0.0",""
"2007","373","Spinach","39.2085491860735",""
"2007","388","Tomatoes","0.0198156881485636",""
"2007","390","Juice of Tomatoes","0.0",""
"2007","391","Paste of Tomatoes","12525.091590233",""
"2007","392","Tomato Peeled","0.0",""
"2007","252","Coconut (copra) oil","0.0248389330990337",""
"2007","251","Copra","3.57136718383041",""
"2007","256","Palm kernels","128.850914942474",""
"2007","253","Cake of Copra","0.0198690134665092",""
"2007","244","Groundnut oil","5.37022212927817",""
"2007","243","Groundnuts Shelled","362.155313365787",""
"2007","246","Prepared Groundnuts","1483.59902524874",""
"2007","245","Cake of Groundnuts","0.0",""
"2007","238","Cake of Soybeans","0.0",""
"2007","237","Soybean oil","0.0",""
"2007","242","Groundnuts, with shell","315.369087188761",""
"2007","239","Soya Sauce","0.0",""
"2007","234","Nuts, nes","243.485204135094",""
"2007","212","Flour of Pulses","1.93050449039171",""
"2007","236","Soybeans","0.764258456795516",""
"2007","235","Prepared Nuts (Exc.Groundnuts)","0.681092290927648",""
"2007","291","Cake of Sesame Seed","0.0",""
"2007","292","Mustard seed","0.0",""
"2007","329","Cottonseed","28568.0604950847",""
"2007","331","Cottonseed oil","3.59408376927521",""
"2007","274","Oil of Olive Residues","2.07878086947109",""
"2007","280","Safflower seed","0.0",""
"2007","289","Sesame seed","2229.46055663989",""
"2007","290","Sesame oil","0.0",""
"2007","266","Oil of Castor Beans","0.0",""
"2007","267","Sunflower seed","0.0",""
"2007","268","Sunflower oil","0.0",""
"2007","269","Sunflower Cake","839.622947341871",""
"2007","257","Palm oil","1409.118177881",""
"2007","258","Palm kernel oil","198.287315213331",""
"2007","261","Olive oil, virgin","0.0897251799751699",""
"2007","262","Olives Preserved","24.9389394003088",""
"2007","118","Frozen Potatoes","0.252996638460832",""
"2007","117","Potatoes Flour","0.0",""
"2007","116","Potatoes","0.29776857540791",""
"2007","114","Mixes and Doughs","34.5548380239024",""
"2007","113","Cereal Preparations, Nes","47.6490842132085",""
"2007","111","Flour of Cereals","39.0756944889439",""
"2007","110","Wafers","0.0",""
"2007","109","Infant Food","7583.87310494041",""
"2007","108","Cereals, nes","189.118005462468",""
"2007","105","Bran of Mixed Grains","49.9875156543136",""
"2007","101","Canary seed","0.0",""
"2007","83","Sorghum","0.395343242184664",""
"2007","79","Millet","1.02638438968863",""
"2007","60","Maize oil","0.00402072897309391",""
"2007","59","Bran of Maize","0.0226632601268556",""
"2007","58","Flour of Maize","111.745506342113",""
"2007","187","Peas, dry","0.0",""
"2007","211","Pulses, nes","0.0258307840128208",""
"2007","172","Glucose and Dextrose","26.318284069479",""
"2007","176","Beans, dry","4.3022653217192",""
"2007","167","Sugar, nes","5.08199878578251",""
"2007","168","Sugar Confectionery","498.371446567454",""
"2007","162","Sugar Raw Centrifugal","0.0",""
"2007","164","Sugar Refined","0.617283215474012",""
"2007","156","Sugar cane","2.46362968908407",""
"2007","160","Maple Sugar and Syrups","0.0",""
"2007","150","Flour of Roots and Tubers","2454.00941991742",""
"2007","151","Roots and Tubers Dried","13119.916314801",""
"2007","128","Cassava Dried","7.53890948480544",""
"2007","129","Cassava Starch","33.3625905652759",""
"2007","122","Sweet potatoes","0.993663974597241",""
"2007","127","Tapioca of Cassava","1.35899572784215",""
"2006","1232","Food Prep Nes","526.415186471401",""
"2006","1182","Honey, natural","0.502699335305016",""
"2006","1242","Margrine Short","0.510755687430727",""
"2006","1241","Liquid Margarine","0.0",""
"2006","1293","Crude Materials","4814.61522124871",""
"2006","1243","Fat Prep Nes","7.09928339777635",""
"2007","16","Flour of Wheat","115.089847383829",""
"2007","15","Wheat","0.0",""
"2006","1035","Pig meat","0.805114397228092",""
"2006","1018","Offals of Goats, Edible","0.0",""
"2006","1060","Fat Liver Prep (Foie Gras)","0.0",""
"2006","1059","Offals Liver Chicken","0.0",""
"2006","1062","Hen eggs, with shell","0.0",""
"2006","1061","Meat of Chicken Canned","0.0",""
"2006","1064","Eggs Dried","0.0",""
"2006","1063","Eggs Liquid","0.0",""
"2007","38","Rice Flour","5.04640946858566",""
"2007","41","Breakfast Cereals","28.839771728534",""
"2007","48","Barley Flour and Grits","0.0",""
"2007","49","Malt","78.4229854872481",""
"2007","50","Malt Extract","30.0548498887856",""
"2007","51","Beer of Barley","192.214020097068",""
"2007","56","Maize","111.745506342113",""
"2007","57","Germ of Maize","0.0",""
"2007","17","Bran of Wheat","0.0",""
"2007","18","Macaroni","29.9679114899263",""
"2007","20","Bread","4.68221887714478",""
"2007","22","Pastry","8.83310428628017",""
"2007","27","Rice, paddy","0.0",""
"2007","28","Rice Husked","0.252804667316228",""
"2007","29","Milled/Husked Rice","0.0",""
"2007","32","Rice Broken","0.0",""
"2006","829","Cigars Cheroots","122.15835159384",""
"2006","828","Cigarettes","115.519790315814",""
"2006","826","Tobacco leaves","268.73941112517",""
"2006","754","Pyrethrum,Dried","291.344607068871",""
"2006","874","Sausage Beef&Veal","0.0901531249941845",""
"2006","867","Cattle meat","1.10274277289507",""
"2006","843","Pet Food","8.71959515984511",""
"2006","831","Tobacco Products Nes","0.0",""
"2006","687","Pepper (Piper spp.)","539.81888447639",""
"2006","667","Tea","4.68753493219674",""
"2006","666","Chocolate Prsnes","1915.81817872676",""
"2006","665","Cocoapowder&Cake","5039.51345323893",""
"2006","753","Oil Essential Nes","0.0",""
"2006","723","Spices, nes","312.877216657213",""
"2006","720","Ginger","36.5059517895402",""
"2006","711","Anise, badian, fennel, coriander, cumin, caraway seeds and juniper berries","0.0",""
"2006","898","Milk Skimmed Dry","3.90908081202785",""
"2006","899","Milkdry Buttrmilk","0.0",""
"2006","896","Milk Skimmed Cond","0.0",""
"2006","897","Milk Whole Dried","2826.68178502986",""
"2006","909","Prod.of Nat.Milk Constit","0.0",""
"2006","977","Sheep meat","0.0",""
"2006","900","Whey Dry","0.0",""
"2006","901","Cheese of Whole Cow Milk","2.24275962776936",""
"2006","890","Whey Condensed","0.0",""
"2006","891","Yoghurt","16.1154210752379",""
"2006","875","Preparations of Beef Meat","2.24850874940636",""
"2006","889","Milk Whole Cond","66.8835190021754",""
"2006","894","Milk Whole Evp","0.0",""
"2006","895","Milk Skimmed Evp","978.359221244349",""
"2006","892","Yogh Conc.Or Not","0.0",""
"2006","893","Butterm.,Curdl,Acid.Milk","0.299503354475835",""
"2006","564","Wine","0.0",""
"2006","565","Vermouths&Similar","0.427555735942845",""
"2006","567","Watermelons","0.0",""
"2006","572","Avocados","0.251955887561367",""
"2006","544","Strawberries","0.0",""
"2006","558","Berries Nes","3.09689864230978",""
"2006","560","Grapes","0.0",""
"2006","563","Must of Grapes","0.0",""
"2006","587","Persimmons","0.0",""
"2006","600","Papayas","675.44353878103",""
"2006","603","Fruit, tropical fresh nes","0.0",""
"2006","604","Fruit Tropical Dried Nes","75.4070524036624",""
"2006","574","Pineapples","13078.0427150464",""
"2006","575","Pineapples Cand","294.74698215641",""
"2006","576","Juice of Pineapples","0.0",""
"2006","577","Dates","5.84324095439421",""
"2006","625","Fruit,Nut,Peel, Sugar Prs","26.6810111962317",""
"2006","624","Flour of Fruits","3.82482811854549",""
"2006","633","Beverage Non-Alc","139.734948818309",""
"2006","631","Waters,Ice Etc","22.2330628688989",""
"2006","620","Fruit Dried Nes","0.0",""
"2006","619","Fruit Fresh Nes","0.0",""
"2006","623","Fruit Prp Nes","3270.1893496022",""
"2006","622","Fruit Juice Nes","0.0",""
"2006","662","Cocoa Paste","80883.0063459459",""
"2006","661","Cocoa beans","998819.479754057",""
"2006","664","Cocoa Butter","51481.4833010517",""
"2006","663","Cocoahusks","700.901213669869",""
"2006","635","Straw Husks","8.06495881440162",""
"2006","634","Bever. Dist.Alc","29.6898067499292",""
"2006","657","Coffee Roasted","0.749249898180382",""
"2006","656","Coffee, green","192.353080558029",""
"2006","426","Carrots and turnips","0.0",""
"2006","447","Sweet Corn Frozen","0.0",""
"2006","417","Peas, green","0.0608280947614856",""
"2006","420","Leguminous vegetables, nes","30.202744066491",""
"2006","407","Leeks and other alliaceous vegetables","12.783420003505",""
"2006","414","Beans, green","14.9576098958546",""
"2006","402","Onions (incl. shallots), green","1200.50229115813",""
"2006","406","Garlic","0.0",""
"2006","472","Vegetables Preserved Nes","127.974114391736",""
"2006","473","Vegetable Frozen","0.60503165247713",""
"2006","469","Vegetables Dehydrated","0.692309454112044",""
"2006","471","Vegetables in Vinegar","0.0",""
"2006","463","Vegetables fresh nes","1887.90667957116",""
"2006","466","Juice of Vegetables Nes","38.3631098028292",""
"2006","448","Sweet Corn Prep or Preserved","0.0",""
"2006","449","Mushrooms and truffles","0.0",""
"2006","492","Oranjuice Concentrated","20.6650239299363",""
"2006","491","Orange juice, single strength","0.0",""
"2006","490","Oranges","76.4142335677798",""
"2006","489","Plantains","0.0",""
"2006","486","Bananas","118893.805358982",""
"2006","476","Homogen.Veget.Prep","0.0",""
"2006","475","Veg.Prep. Or Pres.Frozen","0.100764315488714",""
"2006","474","Veg.in Tem. Preservatives","122.745165493814",""
"2006","534","Peaches and nectarines","0.0",""
"2006","527","Dry Apricots","0.0",""
"2006","521","Pears","1.48674751807732",""
"2006","517","Cider Etc","771.129721773839",""
"2006","515","Apples","0.0",""
"2006","512","Citrus fruit, nes","44.5517579764601",""
"2006","510","Grapefruit juice, concentrated","0.0",""
"2006","507","Grapefruit (incl. pomelos)","0.0",""
"2006","266","Oil of Castor Beans","0.0",""
"2006","267","Sunflower seed","0.0",""
"2006","268","Sunflower oil","0.0",""
"2006","269","Sunflower Cake","9044.71136396802",""
"2006","274","Oil of Olive Residues","0.0",""
"2006","280","Safflower seed","0.0",""
"2006","289","Sesame seed","654.624975851741",""
"2006","290","Sesame oil","0.0",""
"2006","291","Cake of Sesame Seed","0.0",""
"2006","292","Mustard seed","0.0",""
"2006","329","Cottonseed","2522.36607793829",""
"2006","331","Cottonseed oil","137.191552591551",""
"2006","332","Cake of Cottonseed","203.543245053051",""
"2006","333","Linseed","0.0",""
"2006","334","Linseed oil","2.68123930485513",""
"2006","339","Oilseeds, Nes","23522.9799111631",""
"2006","341","Cake of Oilseeds, Nes","0.0",""
"2006","340","Oil of vegetable origin, nes","605.177692650591",""
"2006","358","Cabbages and other brassicas","0.0",""
"2006","343","Flour of Oilseeds","2761.88910073704",""
"2006","367","Asparagus","0.225219901097555",""
"2006","366","Artichokes","0.0",""
"2006","373","Spinach","35.8836807243629",""
"2006","372","Lettuce and chicory","0.0",""
"2006","390","Juice of Tomatoes","0.0",""
"2006","388","Tomatoes","0.249387977065134",""
"2006","392","Tomato Peeled","0.0",""
"2006","391","Paste of Tomatoes","2943.39607965991",""
"2006","397","Cucumbers and gherkins","0.0",""
"2006","393","Cauliflowers and broccoli","0.0",""
"2006","401","Chillies and peppers, green (Capsicum spp.)","0.557529175467847",""
"2006","399","Eggplants (aubergines)","39.4717038778239",""
"2006","156","Sugar cane","0.0502088431217166",""
"2006","160","Maple Sugar and Syrups","0.0",""
"2006","150","Flour of Roots and Tubers","2200.14958834827",""
"2006","151","Roots and Tubers Dried","8958.39830538024",""
"2006","167","Sugar, nes","0.0",""
"2006","168","Sugar Confectionery","22.6278251034684",""
"2006","162","Sugar Raw Centrifugal","0.0",""
"2006","164","Sugar Refined","169.901401935737",""
"2006","187","Peas, dry","0.0",""
"2006","211","Pulses, nes","0.0",""
"2006","172","Glucose and Dextrose","102.972552935194",""
"2006","176","Beans, dry","10.0420561022121",""
"2006","235","Prepared Nuts (Exc.Groundnuts)","0.0",""
"2006","236","Soybeans","3.1267615905856",""
"2006","212","Flour of Pulses","0.110845104413391",""
"2006","234","Nuts, nes","49.1237355201792",""
"2006","242","Groundnuts, with shell","585.896329224071",""
"2006","239","Soya Sauce","0.0",""
"2006","238","Cake of Soybeans","0.0",""
"2006","237","Soybean oil","0.0",""
"2006","246","Prepared Groundnuts","167.014092633906",""
"2006","245","Cake of Groundnuts","0.0",""
"2006","244","Groundnut oil","1.22868705594766",""
"2006","243","Groundnuts Shelled","1140.72727739495",""
"2006","256","Palm kernels","184.846026307021",""
"2006","253","Cake of Copra","0.100883162913794",""
"2006","252","Coconut (copra) oil","0.0",""
"2006","251","Copra","0.0",""
"2006","262","Olives Preserved","4.367743853842",""
"2006","261","Olive oil, virgin","0.0",""
"2006","258","Palm kernel oil","4.92569885386038",""
"2006","257","Palm oil","1534.51968571156",""
